﻿<xml xmlns="http://www.w3.org/1999/xhtml" collection="false">
  <variables>
    <variable type="" id="Drw2I`hBsW,X~3wg$n}n">Cuando Deseas Ganar ?</variable>
    <variable type="" id="rs:GOHK{$F`=8YW8F(AM">Cuanto Aceptamos Poner En Riesgo ?</variable>
    <variable type="" id="A=G-GKd:lxOrKJ~vD~RV">Monto de Inversion Por Operaciones :</variable>
    <variable type="" id="fw}2n(jfUky}H%+E3}6(">Monto de Inversion Ganado :</variable>
    <variable type="" id="/u]3p+)?wJ-#m|BXom3H">Numero 1</variable>
    <variable type="" id="vZOQc9WP;k_)*mJR[N_^">Numero 2</variable>
    <variable type="" id="MKwZ$P`4a^kSxU,/Q[{~">Predicion :</variable>
    <variable type="" id="=cGnX+hdeFU%#{Ld#|CF">Time</variable>
  </variables>
  <block type="trade" id="73vWdDagX-YhN)CtN.3D" x="-483" y="-93">
    <field name="MARKET_LIST">volidx</field>
    <field name="SUBMARKET_LIST">random_index</field>
    <field name="SYMBOL_LIST">R_100</field>
    <field name="TRADETYPECAT_LIST">digits</field>
    <field name="TRADETYPE_LIST">matchesdiffers</field>
    <field name="TYPE_LIST">DIGITDIFF</field>
    <field name="CANDLEINTERVAL_LIST">60</field>
    <field name="TIME_MACHINE_ENABLED">FALSE</field>
    <field name="RESTARTONERROR">TRUE</field>
    <statement name="INITIALIZATION">
      <block type="variables_set" id="G!QXG@}r:d,UuEE+ovA0">
        <field name="VAR" id="Drw2I`hBsW,X~3wg$n}n" variabletype="">Cuando Deseas Ganar ?</field>
        <value name="VALUE">
          <block type="math_number" id="3%kJr#r28E(f@([(PV$2">
            <field name="NUM">100</field>
          </block>
        </value>
        <next>
          <block type="variables_set" id="_W*K@4Ckj8Bvf2H8^.${">
            <field name="VAR" id="rs:GOHK{$F`=8YW8F(AM" variabletype="">Cuanto Aceptamos Poner En Riesgo ?</field>
            <value name="VALUE">
              <block type="math_number" id="7UljRrE$r|-)d8{cYY=v">
                <field name="NUM">-100</field>
              </block>
            </value>
            <next>
              <block type="variables_set" id="@%w$PU.x]oCVIvV$ZbQl">
                <field name="VAR" id="fw}2n(jfUky}H%+E3}6(" variabletype="">Monto de Inversion Ganado :</field>
                <value name="VALUE">
                  <block type="math_number" id="ba9~T5?w,@a~EwnI}G9r">
                    <field name="NUM">0.7</field>
                  </block>
                </value>
                <next>
                  <block type="variables_set" id="74G]E{8proxQ8%.PE1QU">
                    <field name="VAR" id="A=G-GKd:lxOrKJ~vD~RV" variabletype="">Monto de Inversion Por Operaciones :</field>
                    <value name="VALUE">
                      <block type="math_number" id="xZ3)$+bVJNF7zA7LMg10">
                        <field name="NUM">0.7</field>
                      </block>
                    </value>
                    <next>
                      <block type="variables_set" id="Qq4~]d2A?GGjz$_xU!{;">
                        <field name="VAR" id="MKwZ$P`4a^kSxU,/Q[{~" variabletype="">Predicion :</field>
                        <value name="VALUE">
                          <block type="math_number" id="gS+X~nM[.=Fo97(e)yXi">
                            <field name="NUM">0</field>
                          </block>
                        </value>
                        <next>
                          <block type="variables_set" id="aRN8!C`~}4~m-cO-{OGP">
                            <field name="VAR" id="/u]3p+)?wJ-#m|BXom3H" variabletype="">Numero 1</field>
                            <value name="VALUE">
                              <block type="math_random_int" id="*(Q/!JJsJH8/+#(@noMy">
                                <value name="FROM">
                                  <shadow type="math_number" id="-Yj`~$K^2O0Mc~yxwM`J">
                                    <field name="NUM">0</field>
                                  </shadow>
                                </value>
                                <value name="TO">
                                  <shadow type="math_number" id="$5bK^TGgeLkrtB*srB@?">
                                    <field name="NUM">9</field>
                                  </shadow>
                                </value>
                              </block>
                            </value>
                            <next>
                              <block type="variables_set" id="hg4mdK/Q}v+4n*{t:{B!">
                                <field name="VAR" id="vZOQc9WP;k_)*mJR[N_^" variabletype="">Numero 2</field>
                                <value name="VALUE">
                                  <block type="math_random_int" id="g~8xGIFE#d#V={-_oKY)">
                                    <value name="FROM">
                                      <shadow type="math_number" id="~;=eZ#Z8^l-x-/p6-~0}">
                                        <field name="NUM">0</field>
                                      </shadow>
                                    </value>
                                    <value name="TO">
                                      <shadow type="math_number" id="y.Uq)Y.!s1#5d4+*.UAt">
                                        <field name="NUM">9</field>
                                      </shadow>
                                    </value>
                                  </block>
                                </value>
                                <next>
                                  <block type="variables_set" id="`r}iU4AOcKQp.l@txyZQ">
                                    <field name="VAR" id="=cGnX+hdeFU%#{Ld#|CF" variabletype="">Time</field>
                                    <value name="VALUE">
                                      <block type="math_random_int" id="rbejm+20?hn~!tTns=;O">
                                        <value name="FROM">
                                          <shadow type="math_number" id="C@f|BR8g$g%1.qEIDn0r">
                                            <field name="NUM">0</field>
                                          </shadow>
                                        </value>
                                        <value name="TO">
                                          <shadow type="math_number" id="0l.v_z1AU(/0GO|)x]o@">
                                            <field name="NUM">5</field>
                                          </shadow>
                                        </value>
                                      </block>
                                    </value>
                                  </block>
                                </next>
                              </block>
                            </next>
                          </block>
                        </next>
                      </block>
                    </next>
                  </block>
                </next>
              </block>
            </next>
          </block>
        </next>
      </block>
    </statement>
    <statement name="SUBMARKET">
      <block type="tradeOptions" id="JUoZ];soRP[b1{gP]Lg*">
        <field name="DURATIONTYPE_LIST">t</field>
        <field name="CURRENCY_LIST">USD</field>
        <value name="DURATION">
          <block type="math_random_int" id="5{X)j%I;hd;EU}g%OvE}">
            <value name="FROM">
              <shadow type="math_number" id="|+5or~aA^xBBn|m2`syV">
                <field name="NUM">5</field>
              </shadow>
            </value>
            <value name="TO">
              <shadow type="math_number" id="*pJ|$JM!5OT|IZzv]aOH">
                <field name="NUM">6</field>
              </shadow>
            </value>
          </block>
        </value>
        <value name="AMOUNT">
          <block type="variables_get" id="N+Zyt;ipPD_i$ix4{ZpY">
            <field name="VAR" id="A=G-GKd:lxOrKJ~vD~RV" variabletype="">Monto de Inversion Por Operaciones :</field>
          </block>
        </value>
        <value name="PREDICTION">
          <block type="logic_ternary" id="G72QBHnzl7*?{TJV4zR{">
            <value name="IF">
              <block type="logic_compare" id="eMX,_{5$CHq6LjU?I84N">
                <field name="OP">EQ</field>
                <value name="A">
                  <block type="math_number" id="Ru}/ZX$)G43R~ke9$l~p">
                    <field name="NUM">0</field>
                  </block>
                </value>
                <value name="B">
                  <block type="variables_get" id="YhY6m#9$}qz*LuC[?XQN">
                    <field name="VAR" id="MKwZ$P`4a^kSxU,/Q[{~" variabletype="">Predicion :</field>
                  </block>
                </value>
              </block>
            </value>
            <value name="THEN">
              <block type="variables_get" id="2gnCAa7ftd995{W,AS]I">
                <field name="VAR" id="/u]3p+)?wJ-#m|BXom3H" variabletype="">Numero 1</field>
              </block>
            </value>
            <value name="ELSE">
              <block type="variables_get" id="KIEQ7[@Yh-.NdEU;b#A2">
                <field name="VAR" id="vZOQc9WP;k_)*mJR[N_^" variabletype="">Numero 2</field>
              </block>
            </value>
          </block>
        </value>
      </block>
    </statement>
  </block>
  <block type="before_purchase" id="tOc)]Xd=cAm0aiy+-8(8" x="-476" y="701">
    <statement name="BEFOREPURCHASE_STACK">
      <block type="purchase" id="ckmR0Y:pLcUb;8CB4Nq2">
        <field name="PURCHASE_LIST">DIGITDIFF</field>
      </block>
    </statement>
  </block>
  <block type="after_purchase" id="]|jqrexe1(h~O8M)wH,j" x="-467" y="799">
    <statement name="AFTERPURCHASE_STACK">
      <block type="controls_if" id="$5MQC9|jH14-`dP1:=,4">
        <value name="IF0">
          <block type="logic_compare" id=",yBdn_e?NbhvCBfS?46W">
            <field name="OP">EQ</field>
            <value name="A">
              <block type="read_details" id="T+6os}}2.~1/L{yX3+C(">
                <field name="DETAIL_INDEX">4</field>
              </block>
            </value>
            <value name="B">
              <block type="math_number" id="EL~lt=iohJgkW^d616_W">
                <field name="NUM">-0.7</field>
              </block>
            </value>
          </block>
        </value>
        <statement name="DO0">
          <block type="variables_set" id="mnvpqP$TQb4E/.NGHc5/">
            <field name="VAR" id="fw}2n(jfUky}H%+E3}6(" variabletype="">Monto de Inversion Ganado :</field>
            <value name="VALUE">
              <block type="math_number" id="#rh)/R-,~}Q^vX21k_Bw">
                <field name="NUM">7</field>
              </block>
            </value>
            <next>
              <block type="variables_set" id="S5mbztGzOyhlK8()WPTk">
                <field name="VAR" id="A=G-GKd:lxOrKJ~vD~RV" variabletype="">Monto de Inversion Por Operaciones :</field>
                <value name="VALUE">
                  <block type="math_number" id="G9=N=T5=|HGPRhuZw]uc">
                    <field name="NUM">7</field>
                  </block>
                </value>
                <next>
                  <block type="variables_set" id="wpU7`6?_t-XHh7p$ed1:">
                    <field name="VAR" id="/u]3p+)?wJ-#m|BXom3H" variabletype="">Numero 1</field>
                    <value name="VALUE">
                      <block type="math_random_int" id="pn-!UH:ydJEcn)SfJI;V">
                        <value name="FROM">
                          <shadow type="math_number" id="?Rq/vs[PAuD,`.4biT5!">
                            <field name="NUM">0</field>
                          </shadow>
                        </value>
                        <value name="TO">
                          <shadow type="math_number" id="@ETVnvYd0nc:MOSkkQHl">
                            <field name="NUM">9</field>
                          </shadow>
                        </value>
                      </block>
                    </value>
                    <next>
                      <block type="variables_set" id="O9;Tpp2AAF6zs6+akXsz">
                        <field name="VAR" id="vZOQc9WP;k_)*mJR[N_^" variabletype="">Numero 2</field>
                        <value name="VALUE">
                          <block type="math_random_int" id=")L:;/1LjC7|_kMGHcD2S">
                            <value name="FROM">
                              <shadow type="math_number" id="wcO(UBnV(N4+LV?m3Ix-">
                                <field name="NUM">0</field>
                              </shadow>
                            </value>
                            <value name="TO">
                              <shadow type="math_number" id="XbgOTi*WVPhiuA21fW$)">
                                <field name="NUM">9</field>
                              </shadow>
                            </value>
                          </block>
                        </value>
                        <next>
                          <block type="variables_set" id="2j[p,^IK@7#nj^!I_=yd">
                            <field name="VAR" id="MKwZ$P`4a^kSxU,/Q[{~" variabletype="">Predicion :</field>
                            <value name="VALUE">
                              <block type="math_number" id="Tr3So*(~MD@YgTPJ%a@v">
                                <field name="NUM">1</field>
                              </block>
                            </value>
                            <next>
                              <block type="variables_set" id="Ak7Pt.}muzh?LrHAy;9A">
                                <field name="VAR" id="=cGnX+hdeFU%#{Ld#|CF" variabletype="">Time</field>
                                <value name="VALUE">
                                  <block type="math_random_int" id="MelX.N4QriT9y-j-p}r}">
                                    <value name="FROM">
                                      <shadow type="math_number" id="ejOAV$nV28bS55(s$lAG">
                                        <field name="NUM">10</field>
                                      </shadow>
                                    </value>
                                    <value name="TO">
                                      <shadow type="math_number" id="JMx!MhD(+!RF|,vQqZAf">
                                        <field name="NUM">15</field>
                                      </shadow>
                                    </value>
                                  </block>
                                </value>
                              </block>
                            </next>
                          </block>
                        </next>
                      </block>
                    </next>
                  </block>
                </next>
              </block>
            </next>
          </block>
        </statement>
        <next>
          <block type="controls_if" id="!:]0t$2x)YI579FDdWq_">
            <value name="IF0">
              <block type="logic_compare" id="{CHq5-VV9g3nu|r`s/|o">
                <field name="OP">EQ</field>
                <value name="A">
                  <block type="read_details" id="F~8_b({afE^Mcs;}{Q}I">
                    <field name="DETAIL_INDEX">4</field>
                  </block>
                </value>
                <value name="B">
                  <block type="math_number" id="iDZcSs~Q]VXx@O]_@G,1">
                    <field name="NUM">-7</field>
                  </block>
                </value>
              </block>
            </value>
            <statement name="DO0">
              <block type="variables_set" id="h5m*w{tIP3:l:zp+1e%E">
                <field name="VAR" id="fw}2n(jfUky}H%+E3}6(" variabletype="">Monto de Inversion Ganado :</field>
                <value name="VALUE">
                  <block type="math_number" id="*N!Z{)9~EH2{M;wO}52B">
                    <field name="NUM">77</field>
                  </block>
                </value>
                <next>
                  <block type="variables_set" id="ELNhmh}_oDx|y)Rlj|@P">
                    <field name="VAR" id="A=G-GKd:lxOrKJ~vD~RV" variabletype="">Monto de Inversion Por Operaciones :</field>
                    <value name="VALUE">
                      <block type="math_number" id="}^u+fq6tO)Rr|XnRJE[5">
                        <field name="NUM">77</field>
                      </block>
                    </value>
                    <next>
                      <block type="variables_set" id="elH`@ln`AeW,Pz[sy=a}">
                        <field name="VAR" id="/u]3p+)?wJ-#m|BXom3H" variabletype="">Numero 1</field>
                        <value name="VALUE">
                          <block type="math_random_int" id="*FN}lh3)ZXY1ZB1]qHbS">
                            <value name="FROM">
                              <shadow type="math_number" id="JhJMEmDGgWIB|z7qM+04">
                                <field name="NUM">0</field>
                              </shadow>
                            </value>
                            <value name="TO">
                              <shadow type="math_number" id="sNE;dJe-OQwGXP2e#7,o">
                                <field name="NUM">9</field>
                              </shadow>
                            </value>
                          </block>
                        </value>
                        <next>
                          <block type="variables_set" id="]-{EDbNQIAsP~Xr//syp">
                            <field name="VAR" id="vZOQc9WP;k_)*mJR[N_^" variabletype="">Numero 2</field>
                            <value name="VALUE">
                              <block type="math_random_int" id="?iychqq_.*kfu?2`_A)g">
                                <value name="FROM">
                                  <shadow type="math_number" id=")vTas%,Yr~wfw4BDXON4">
                                    <field name="NUM">0</field>
                                  </shadow>
                                </value>
                                <value name="TO">
                                  <shadow type="math_number" id="S0(51#wb/YcpGu|Y3rSN">
                                    <field name="NUM">9</field>
                                  </shadow>
                                </value>
                              </block>
                            </value>
                            <next>
                              <block type="variables_set" id="5a`g3?3hR-P:6V}{`,XY">
                                <field name="VAR" id="MKwZ$P`4a^kSxU,/Q[{~" variabletype="">Predicion :</field>
                                <value name="VALUE">
                                  <block type="math_number" id="1OgM-1{OZ7tS*8U(O!fd">
                                    <field name="NUM">0</field>
                                  </block>
                                </value>
                                <next>
                                  <block type="variables_set" id="qe/ayg?RHK_xOP5P_6^e">
                                    <field name="VAR" id="=cGnX+hdeFU%#{Ld#|CF" variabletype="">Time</field>
                                    <value name="VALUE">
                                      <block type="math_random_int" id="iB8he1$jez#|=mTsr2vH">
                                        <value name="FROM">
                                          <shadow type="math_number" id="t[#I}~.A{V:1kck%EaNh">
                                            <field name="NUM">15</field>
                                          </shadow>
                                        </value>
                                        <value name="TO">
                                          <shadow type="math_number" id="?k:NXmgwoE`:ZVEqS:!1">
                                            <field name="NUM">20</field>
                                          </shadow>
                                        </value>
                                      </block>
                                    </value>
                                  </block>
                                </next>
                              </block>
                            </next>
                          </block>
                        </next>
                      </block>
                    </next>
                  </block>
                </next>
              </block>
            </statement>
            <next>
              <block type="controls_if" id="o#BQ(EhT_i@AQt7`:VMs">
                <value name="IF0">
                  <block type="logic_compare" id="*yKdM$y0_@YA($D,Q;tI">
                    <field name="OP">EQ</field>
                    <value name="A">
                      <block type="read_details" id="|.3?iovSm)98IH33vYP_">
                        <field name="DETAIL_INDEX">4</field>
                      </block>
                    </value>
                    <value name="B">
                      <block type="math_number" id="vTSYf91NSbM`)bpf|98f">
                        <field name="NUM">-77</field>
                      </block>
                    </value>
                  </block>
                </value>
                <statement name="DO0">
                  <block type="variables_set" id="k?pTbwynaV),8U)_4P|5">
                    <field name="VAR" id="fw}2n(jfUky}H%+E3}6(" variabletype="">Monto de Inversion Ganado :</field>
                    <value name="VALUE">
                      <block type="math_number" id="i9.?rWYS%x5zmAbVPA=;">
                        <field name="NUM">0.7</field>
                      </block>
                    </value>
                    <next>
                      <block type="variables_set" id="V]IYkG}s[CS4IF(R|U-A">
                        <field name="VAR" id="A=G-GKd:lxOrKJ~vD~RV" variabletype="">Monto de Inversion Por Operaciones :</field>
                        <value name="VALUE">
                          <block type="math_number" id="Pp:83T5fMd+24^},~LgC">
                            <field name="NUM">0.7</field>
                          </block>
                        </value>
                        <next>
                          <block type="variables_set" id="/9$+I9qLSYSfT}x-g8ra">
                            <field name="VAR" id="/u]3p+)?wJ-#m|BXom3H" variabletype="">Numero 1</field>
                            <value name="VALUE">
                              <block type="math_random_int" id="/$tt.[M4S;4t^#h6J=z:">
                                <value name="FROM">
                                  <shadow type="math_number" id="~v$Qiv|o?bI]Dg93MPCr">
                                    <field name="NUM">0</field>
                                  </shadow>
                                </value>
                                <value name="TO">
                                  <shadow type="math_number" id="0Z13OGB5B,%J;gx|!O+]">
                                    <field name="NUM">9</field>
                                  </shadow>
                                </value>
                              </block>
                            </value>
                            <next>
                              <block type="variables_set" id="]7(x3!F4jSOeaUrZc(Kk">
                                <field name="VAR" id="vZOQc9WP;k_)*mJR[N_^" variabletype="">Numero 2</field>
                                <value name="VALUE">
                                  <block type="math_random_int" id="mYz9#H(HZF%e8gc:vP`y">
                                    <value name="FROM">
                                      <shadow type="math_number" id="CTu!^-ka8sgB$QaEgc/R">
                                        <field name="NUM">0</field>
                                      </shadow>
                                    </value>
                                    <value name="TO">
                                      <shadow type="math_number" id="n+.M4$ddD}aWwf{gMEoJ">
                                        <field name="NUM">9</field>
                                      </shadow>
                                    </value>
                                  </block>
                                </value>
                                <next>
                                  <block type="variables_set" id="ZEvUl~LGB3TfUYlLx)E?">
                                    <field name="VAR" id="MKwZ$P`4a^kSxU,/Q[{~" variabletype="">Predicion :</field>
                                    <value name="VALUE">
                                      <block type="math_number" id="f2+[!P]NY^nSPBVK=`9#">
                                        <field name="NUM">1</field>
                                      </block>
                                    </value>
                                    <next>
                                      <block type="variables_set" id="5]V/^d4~zqCbS`_NO8L$">
                                        <field name="VAR" id="=cGnX+hdeFU%#{Ld#|CF" variabletype="">Time</field>
                                        <value name="VALUE">
                                          <block type="math_random_int" id=".apvAst_H04boAGG!i9o">
                                            <value name="FROM">
                                              <shadow type="math_number" id="SA{w6_Wrrj^TE$eD$eIM">
                                                <field name="NUM">20</field>
                                              </shadow>
                                            </value>
                                            <value name="TO">
                                              <shadow type="math_number" id="2TEW/gtmUka.;iBt%-TX">
                                                <field name="NUM">25</field>
                                              </shadow>
                                            </value>
                                          </block>
                                        </value>
                                      </block>
                                    </next>
                                  </block>
                                </next>
                              </block>
                            </next>
                          </block>
                        </next>
                      </block>
                    </next>
                  </block>
                </statement>
                <next>
                  <block type="controls_if" id="wXg+_?b$bq8?jG+X4SDS">
                    <value name="IF0">
                      <block type="contract_check_result" id="+@(VomZYvgeZaVyugjm,">
                        <field name="CHECK_RESULT">win</field>
                      </block>
                    </value>
                    <statement name="DO0">
                      <block type="variables_set" id="#J$Y23y=sE(0{wH%Lou1">
                        <field name="VAR" id="fw}2n(jfUky}H%+E3}6(" variabletype="">Monto de Inversion Ganado :</field>
                        <value name="VALUE">
                          <block type="math_number" id="4jwa),@?k!fOO5Dw5`N?">
                            <field name="NUM">0.7</field>
                          </block>
                        </value>
                        <next>
                          <block type="variables_set" id="y6@ngmIg[9REI|:a1`8!">
                            <field name="VAR" id="A=G-GKd:lxOrKJ~vD~RV" variabletype="">Monto de Inversion Por Operaciones :</field>
                            <value name="VALUE">
                              <block type="math_number" id=":Ic?nw#$Z;Q0BDgiy5QX">
                                <field name="NUM">0.7</field>
                              </block>
                            </value>
                            <next>
                              <block type="variables_set" id="smt[*vv45l,bkBVrv7XH">
                                <field name="VAR" id="/u]3p+)?wJ-#m|BXom3H" variabletype="">Numero 1</field>
                                <value name="VALUE">
                                  <block type="math_random_int" id="=PcF*.`m-}Z#fUJ7=]C@">
                                    <value name="FROM">
                                      <shadow type="math_number" id="J6a%W@]wwz?E.5lzj)8W">
                                        <field name="NUM">0</field>
                                      </shadow>
                                    </value>
                                    <value name="TO">
                                      <shadow type="math_number" id="=r0d`bct+{)!_6,LNrD1">
                                        <field name="NUM">9</field>
                                      </shadow>
                                    </value>
                                  </block>
                                </value>
                                <next>
                                  <block type="variables_set" id="*QUyk:A+-ln%FATy5.*H">
                                    <field name="VAR" id="vZOQc9WP;k_)*mJR[N_^" variabletype="">Numero 2</field>
                                    <value name="VALUE">
                                      <block type="math_random_int" id="*Vu(V=T}@nK#zABpPb{:">
                                        <value name="FROM">
                                          <shadow type="math_number" id="|$kM/ew(Js#fLx]V_pSA">
                                            <field name="NUM">0</field>
                                          </shadow>
                                        </value>
                                        <value name="TO">
                                          <shadow type="math_number" id="KQCvGyMQcBX5ptAD]Xy6">
                                            <field name="NUM">9</field>
                                          </shadow>
                                        </value>
                                      </block>
                                    </value>
                                    <next>
                                      <block type="variables_set" id=".o#ZF-e/2YCikl*qf%h_">
                                        <field name="VAR" id="MKwZ$P`4a^kSxU,/Q[{~" variabletype="">Predicion :</field>
                                        <value name="VALUE">
                                          <block type="math_number" id=";U8{RL?:$DT`!~zkt42z">
                                            <field name="NUM">0</field>
                                          </block>
                                        </value>
                                        <next>
                                          <block type="variables_set" id="Mitoj.rl}f(QziXkO5=`">
                                            <field name="VAR" id="=cGnX+hdeFU%#{Ld#|CF" variabletype="">Time</field>
                                            <value name="VALUE">
                                              <block type="math_random_int" id="xLem:oge%=i?p}zm7iUP">
                                                <value name="FROM">
                                                  <shadow type="math_number" id="2/+]oP)uj6+Or:saUi-V">
                                                    <field name="NUM">0</field>
                                                  </shadow>
                                                </value>
                                                <value name="TO">
                                                  <shadow type="math_number" id="e89HU0:zS~y;b-j2Trg#">
                                                    <field name="NUM">5</field>
                                                  </shadow>
                                                </value>
                                              </block>
                                            </value>
                                          </block>
                                        </next>
                                      </block>
                                    </next>
                                  </block>
                                </next>
                              </block>
                            </next>
                          </block>
                        </next>
                      </block>
                    </statement>
                    <next>
                      <block type="notify" id="3/@xn{y4lJ}?SEYdbm%A">
                        <field name="NOTIFICATION_TYPE">info</field>
                        <field name="NOTIFICATION_SOUND">silent</field>
                        <value name="MESSAGE">
                          <block type="text_join" id="{*w2F5xLK?8$$kcrfX|H">
                            <mutation items="2"></mutation>
                            <value name="ADD0">
                              <block type="text" id="@XJy6=AEy+@`{SF0KxyW">
                                <field name="TEXT">Predicion # 2 : </field>
                              </block>
                            </value>
                            <value name="ADD1">
                              <block type="variables_get" id="K?]VurG~EP*cL[qF0]g?">
                                <field name="VAR" id="vZOQc9WP;k_)*mJR[N_^" variabletype="">Numero 2</field>
                              </block>
                            </value>
                          </block>
                        </value>
                        <next>
                          <block type="notify" id="SF=UqMbtH}I8%hCqBOmu">
                            <field name="NOTIFICATION_TYPE">info</field>
                            <field name="NOTIFICATION_SOUND">silent</field>
                            <value name="MESSAGE">
                              <block type="text_join" id="^q@I1SvwzFW8WroeP5%R">
                                <mutation items="2"></mutation>
                                <value name="ADD0">
                                  <block type="text" id="G0XGCCm{If-YV:.~tS*;">
                                    <field name="TEXT">Predicion # 1 : </field>
                                  </block>
                                </value>
                                <value name="ADD1">
                                  <block type="variables_get" id="R6O}c3aYvd/,yfviBw@c">
                                    <field name="VAR" id="/u]3p+)?wJ-#m|BXom3H" variabletype="">Numero 1</field>
                                  </block>
                                </value>
                              </block>
                            </value>
                            <next>
                              <block type="controls_if" id="rGY+06[SJr*U|7,/c2DD">
                                <mutation else="1"></mutation>
                                <value name="IF0">
                                  <block type="contract_check_result" id="`L=rw^bJDKQwwPG=,B#3">
                                    <field name="CHECK_RESULT">win</field>
                                  </block>
                                </value>
                                <statement name="DO0">
                                  <block type="notify" id="Ikw+!7QitM^vVw_J+Z,0">
                                    <field name="NOTIFICATION_TYPE">success</field>
                                    <field name="NOTIFICATION_SOUND">silent</field>
                                    <value name="MESSAGE">
                                      <block type="text_join" id="0qab^M!^3r6#R#TTkMIV">
                                        <mutation items="2"></mutation>
                                        <value name="ADD0">
                                          <block type="text" id="F!q}CgTY:@Q=VgZ~kK#H">
                                            <field name="TEXT">Ganaste : US$</field>
                                          </block>
                                        </value>
                                        <value name="ADD1">
                                          <block type="read_details" id="@3w,Prig`4a(AJ(3VQ+|">
                                            <field name="DETAIL_INDEX">4</field>
                                          </block>
                                        </value>
                                      </block>
                                    </value>
                                    <next>
                                      <block type="variables_set" id="F1OWQuK+}:lm!F:$X;=a">
                                        <field name="VAR" id="A=G-GKd:lxOrKJ~vD~RV" variabletype="">Monto de Inversion Por Operaciones :</field>
                                        <value name="VALUE">
                                          <block type="variables_get" id="FH3Eyqm}S,*yzI2{-nZ1">
                                            <field name="VAR" id="fw}2n(jfUky}H%+E3}6(" variabletype="">Monto de Inversion Ganado :</field>
                                          </block>
                                        </value>
                                      </block>
                                    </next>
                                  </block>
                                </statement>
                                <statement name="ELSE">
                                  <block type="notify" id="XA!P$.%9/zoUZRY-U9wJ">
                                    <field name="NOTIFICATION_TYPE">error</field>
                                    <field name="NOTIFICATION_SOUND">silent</field>
                                    <value name="MESSAGE">
                                      <block type="text_join" id="BVBbdgf2F8jiI4pY5CKE">
                                        <mutation items="2"></mutation>
                                        <value name="ADD0">
                                          <block type="text" id="K=YQy7N:,+,ryr*gR|r5">
                                            <field name="TEXT">Perdiste : US$</field>
                                          </block>
                                        </value>
                                        <value name="ADD1">
                                          <block type="math_single" id="2Sx,O0:O52}M5/Y#ohGp">
                                            <field name="OP">ABS</field>
                                            <value name="NUM">
                                              <shadow type="math_number" id="1jX[bAmEM;fJ#C@#gxZQ">
                                                <field name="NUM">9</field>
                                              </shadow>
                                              <block type="read_details" id="iZ5n{C?LQ@wc.O1QzK_p">
                                                <field name="DETAIL_INDEX">4</field>
                                              </block>
                                            </value>
                                          </block>
                                        </value>
                                      </block>
                                    </value>
                                  </block>
                                </statement>
                                <next>
                                  <block type="notify" id="2.|t(W~(J6KHLwHhZ.yh">
                                    <field name="NOTIFICATION_TYPE">info</field>
                                    <field name="NOTIFICATION_SOUND">silent</field>
                                    <value name="MESSAGE">
                                      <block type="text_join" id="SbtUM46jQ/TX;.M#rm3!">
                                        <mutation items="2"></mutation>
                                        <value name="ADD0">
                                          <block type="text" id="mP8IYrT2pa/]x{Q}Uqq+">
                                            <field name="TEXT">Total Ganado : US$</field>
                                          </block>
                                        </value>
                                        <value name="ADD1">
                                          <block type="total_profit" id="kc}g|pNs)Q(]-)iAz:P*"></block>
                                        </value>
                                      </block>
                                    </value>
                                    <next>
                                      <block type="controls_if" id="t1E@((%b}GIcyE6poX+n">
                                        <value name="IF0">
                                          <block type="logic_compare" id="doOVY:dtj$uN$Ke,Ec~,">
                                            <field name="OP">LTE</field>
                                            <value name="A">
                                              <block type="total_profit" id="CN)},5R$6S-{%CiKo/I`"></block>
                                            </value>
                                            <value name="B">
                                              <block type="variables_get" id="0B~/E1|n-^H,Fb[A1yFp">
                                                <field name="VAR" id="rs:GOHK{$F`=8YW8F(AM" variabletype="">Cuanto Aceptamos Poner En Riesgo ?</field>
                                              </block>
                                            </value>
                                          </block>
                                        </value>
                                        <statement name="DO0">
                                          <block type="text_print" id="}yP`2w`6|S,/wZ6boA_E">
                                            <value name="TEXT">
                                              <shadow type="text" id="Ia/{Je=z7Nkj#w=0l}vd">
                                                <field name="TEXT">abc</field>
                                              </shadow>
                                              <block type="text_join" id="v,I2l~xVy3@94`1,app3">
                                                <mutation items="2"></mutation>
                                                <value name="ADD0">
                                                  <block type="text" id="ye40fVR(CkS4aua-Lqku">
                                                    <field name="TEXT">Has Perdido : US$</field>
                                                  </block>
                                                </value>
                                                <value name="ADD1">
                                                  <block type="total_profit" id="WbVO#AWVE;nBg.*]GZxR"></block>
                                                </value>
                                              </block>
                                            </value>
                                          </block>
                                        </statement>
                                        <next>
                                          <block type="controls_if" id="eN{L.=c;9dyB]2Vtu!%*">
                                            <value name="IF0">
                                              <block type="logic_compare" id="a`m3+[Bu3g!_rSwmU,%H">
                                                <field name="OP">GTE</field>
                                                <value name="A">
                                                  <block type="total_profit" id="CGxiiXB{vwh5+jc,`i5o"></block>
                                                </value>
                                                <value name="B">
                                                  <block type="variables_get" id="bv((;G_!W!@RPs+_E^vD">
                                                    <field name="VAR" id="Drw2I`hBsW,X~3wg$n}n" variabletype="">Cuando Deseas Ganar ?</field>
                                                  </block>
                                                </value>
                                              </block>
                                            </value>
                                            <statement name="DO0">
                                              <block type="text_print" id="~8_frXs,!/%kWqsWl3dc">
                                                <value name="TEXT">
                                                  <shadow type="text" id="Ia/{Je=z7Nkj#w=0l}vd">
                                                    <field name="TEXT">abc</field>
                                                  </shadow>
                                                  <block type="text_join" id="D@(s-9Izf{Cwzj%@(bsN">
                                                    <mutation items="2"></mutation>
                                                    <value name="ADD0">
                                                      <block type="text" id="%pCM$I[q=ecl%{Q4?2v%">
                                                        <field name="TEXT">Felicidades!! Has Ganado : US$</field>
                                                      </block>
                                                    </value>
                                                    <value name="ADD1">
                                                      <block type="total_profit" id="!/QoIsOHP]b@y`eFlR#%"></block>
                                                    </value>
                                                  </block>
                                                </value>
                                              </block>
                                            </statement>
                                            <next>
                                              <block type="timeout" id="{=oq$Q}P7})|}x),^h*9">
                                                <statement name="TIMEOUTSTACK">
                                                  <block type="trade_again" id="EZO23q7@j0uddd^Ks`bj"></block>
                                                </statement>
                                                <value name="SECONDS">
                                                  <block type="variables_get" id=":.?,m#t(^bQophcvK{Sz">
                                                    <field name="VAR" id="=cGnX+hdeFU%#{Ld#|CF" variabletype="">Time</field>
                                                  </block>
                                                </value>
                                              </block>
                                            </next>
                                          </block>
                                        </next>
                                      </block>
                                    </next>
                                  </block>
                                </next>
                              </block>
                            </next>
                          </block>
                        </next>
                      </block>
                    </next>
                  </block>
                </next>
              </block>
            </next>
          </block>
        </next>
      </block>
    </statement>
  </block>
</xml>