﻿<xml xmlns="http://www.w3.org/1999/xhtml" collection="false">
  <block type="trade" id="trade" x="-56" y="-38">
    <statement name="SUBMARKET">
      <block type="variables_set" id="IpH/OKA3R.E;dEgGMbf,">
        <field name="VAR">Limite de Perda</field>
        <value name="VALUE">
          <block type="math_number" id="=XFKCMq#6s#Mo6`~.@`0">
            <field name="NUM">80</field>
          </block>
        </value>
        <next>
          <block type="variables_set" id="{_clcmJ(*gEi!Br8c}kM">
            <field name="VAR">Expectativa de Lucro</field>
            <value name="VALUE">
              <block type="math_number" id="q}((XO%dDMm1RXxPNqt#">
                <field name="NUM">10</field>
              </block>
            </value>
            <next>
              <block type="variables_set" id=")ZZGf^cT0rOqa/Ma%NC]">
                <field name="VAR">Aposta Inicial</field>
                <value name="VALUE">
                  <block type="math_number" id="YHAI}G~p-MzbG{Q#}HYP">
                    <field name="NUM">0.35</field>
                  </block>
                </value>
                <next>
                  <block type="variables_set" id="su0Gc91D[(`K},Nk5p|N">
                    <field name="VAR">Aposta ao Vencer</field>
                    <value name="VALUE">
                      <block type="math_number" id="MFliyze83ZUSaeqHp]Qd">
                        <field name="NUM">0.35</field>
                      </block>
                    </value>
                    <next>
                      <block type="market" id="oWz{`?=kX3X/phypJ.tZ">
                        <field name="MARKET_LIST">volidx</field>
                        <field name="SUBMARKET_LIST">random_index</field>
                        <field name="SYMBOL_LIST">R_100</field>
                        <field name="TRADETYPECAT_LIST">digits</field>
                        <field name="TRADETYPE_LIST">overunder</field>
                        <field name="TYPE_LIST">both</field>
                        <field name="CANDLEINTERVAL_LIST">60</field>
                        <field name="DURATIONTYPE_LIST">t</field>
                        <field name="PAYOUTTYPE_LIST">stake</field>
                        <field name="CURRENCY_LIST">USD</field>
                        <field name="RESTARTONERROR">TRUE</field>
                        <value name="DURATION">
                          <block type="math_number" id="~G^:]=.b`!T9.Il_vkLS">
                            <field name="NUM">5</field>
                          </block>
                        </value>
                        <value name="AMOUNT">
                          <block type="variables_get" id="U7j6VStMd;ipx]Ouc..l">
                            <field name="VAR">Aposta Inicial</field>
                          </block>
                        </value>
                        <value name="PREDICTION">
                          <block type="math_number" id="Urs($9?z{cv3$r5~rxum">
                            <field name="NUM">5</field>
                          </block>
                        </value>
                      </block>
                    </next>
                  </block>
                </next>
              </block>
            </next>
          </block>
        </next>
      </block>
    </statement>
  </block>
  <block type="after_purchase" id="finish" x="628" y="-67">
    <statement name="AFTERPURCHASE_STACK">
      <block type="controls_if" id="a!_WKGNJh,yQ}tk|:`NI">
        <mutation else="1"></mutation>
        <value name="IF0">
          <block type="contract_check_result" id="O1ON.Ffb1!6t,P`iFZ]!">
            <field name="CHECK_RESULT">win</field>
          </block>
        </value>
        <statement name="DO0">
          <block type="notify" id="zw:P~.RrRR4@/[ZDu;Cc">
            <field name="NOTIFICATION_TYPE">success</field>
            <value name="MESSAGE">
              <block type="text_join" id="6v3if%7]E52#?`jFIB!f">
                <mutation items="2"></mutation>
                <value name="ADD0">
                  <block type="text" id="ODDvC.!;oC7lFi#W0*kB">
                    <field name="TEXT">Ganhou: </field>
                  </block>
                </value>
                <value name="ADD1">
                  <block type="read_details" id="KzeETsb#x.wDkbkAPd=}">
                    <field name="DETAIL_INDEX">4</field>
                  </block>
                </value>
              </block>
            </value>
            <next>
              <block type="variables_set" id="=*k@},WThq4c@/K_{kF%">
                <field name="VAR">Aposta Inicial</field>
                <value name="VALUE">
                  <block type="variables_get" id="zaeP]S1q0DLSb08yz]+4">
                    <field name="VAR">Aposta ao Vencer</field>
                  </block>
                </value>
              </block>
            </next>
          </block>
        </statement>
        <statement name="ELSE">
          <block type="notify" id="%oq)w)m2-uXUJwDkEX3r">
            <field name="NOTIFICATION_TYPE">warn</field>
            <value name="MESSAGE">
              <block type="text_join" id="kRD-eN4Qav7`u.gQ(tkn">
                <mutation items="2"></mutation>
                <value name="ADD0">
                  <block type="text" id="_u}p#WG2-0R,3wmR::e7">
                    <field name="TEXT">Perdeu: </field>
                  </block>
                </value>
                <value name="ADD1">
                  <block type="math_single" id="WC8^:q6MT;.=}juq3~w+">
                    <field name="OP">ABS</field>
                    <value name="NUM">
                      <shadow type="math_number" id="GleSn`9j7Cm7/dqg}FIA">
                        <field name="NUM">9</field>
                      </shadow>
                      <block type="read_details" id="[6yQUMvdZh#*SBr)o1Lf">
                        <field name="DETAIL_INDEX">4</field>
                      </block>
                    </value>
                  </block>
                </value>
              </block>
            </value>
            <next>
              <block type="math_change" id="szxi%pOMsEZiNe!@=`z_">
                <field name="VAR">Aposta Inicial</field>
                <value name="DELTA">
                  <shadow type="math_number" id="N=Vo^MVz~/^(xt7Ag@8E">
                    <field name="NUM">1</field>
                  </shadow>
                  <block type="math_arithmetic" id="L|Yp}u1YlBQ9k78`pWjV">
                    <field name="OP">MULTIPLY</field>
                    <value name="A">
                      <shadow type="math_number" id="ka8n8|Dugz,q5FkUjs`7">
                        <field name="NUM">1</field>
                      </shadow>
                      <block type="math_single" id="FX_=g~%((pbM8DTsJlMU">
                        <field name="OP">ABS</field>
                        <value name="NUM">
                          <shadow type="math_number" id="GleSn`9j7Cm7/dqg}FIA">
                            <field name="NUM">9</field>
                          </shadow>
                          <block type="read_details" id="E^S1f%ov/wT*)f}Q2!SK">
                            <field name="DETAIL_INDEX">4</field>
                          </block>
                        </value>
                      </block>
                    </value>
                    <value name="B">
                      <shadow type="math_number" id="{JXdZCp2%s=sfO@yN:n}">
                        <field name="NUM">1</field>
                      </shadow>
                      <block type="math_number" id="`QKav=/U4)}^__0!o_(c">
                        <field name="NUM">1.041</field>
                      </block>
                    </value>
                  </block>
                </value>
                <next>
                  <block type="controls_if" id="mu#-HM%oPx={kJ=fV8=|">
                    <value name="IF0">
                      <block type="logic_compare" id="dNs]t(GyzgglM,XMTDvb">
                        <field name="OP">GTE</field>
                        <value name="A">
                          <block type="math_single" id="a0@ts-ulSz~m0[mw87ir">
                            <field name="OP">ABS</field>
                            <value name="NUM">
                              <shadow type="math_number" id="ft^DVzOH^GlSjzUC}@3c">
                                <field name="NUM">9</field>
                              </shadow>
                              <block type="read_details" id="A/Hs,Vny^(7-mM{:InU[">
                                <field name="DETAIL_INDEX">4</field>
                              </block>
                            </value>
                          </block>
                        </value>
                        <value name="B">
                          <block type="variables_get" id="HeD6}Fq/mG)kOI1]*44[">
                            <field name="VAR">Limite de Perda</field>
                          </block>
                        </value>
                      </block>
                    </value>
                    <statement name="DO0">
                      <block type="variables_set" id="u:oJzS]FEYpy9ypI3bD*">
                        <field name="VAR">Aposta Inicial</field>
                        <value name="VALUE">
                          <block type="variables_get" id="),(#N=,PVUQl!wgt-~4i">
                            <field name="VAR">Aposta ao Vencer</field>
                          </block>
                        </value>
                      </block>
                    </statement>
                  </block>
                </next>
              </block>
            </next>
          </block>
        </statement>
        <next>
          <block type="notify" id="]fc2SUtM2UzE|=Tzpy}S">
            <field name="NOTIFICATION_TYPE">info</field>
            <value name="MESSAGE">
              <block type="text_join" id="*!(=c%67H[//(y{YBgZy">
                <mutation items="2"></mutation>
                <value name="ADD0">
                  <block type="text" id="[69Ue}W}MaCF*BU#294_">
                    <field name="TEXT">Total Lucro: </field>
                  </block>
                </value>
                <value name="ADD1">
                  <block type="total_profit" id="}*H,Z~xMxuNBTwVTv4*{"></block>
                </value>
              </block>
            </value>
            <next>
              <block type="controls_if" id="Su2G{`dLNbP}g7q=]!p)">
                <mutation else="1"></mutation>
                <value name="IF0">
                  <block type="logic_compare" id="N^U?{:24gAXhqr=~#}={">
                    <field name="OP">LT</field>
                    <value name="A">
                      <block type="total_profit" id="%wR%e|eExAHt5W:,kAsm"></block>
                    </value>
                    <value name="B">
                      <block type="variables_get" id=",F_S*,CaK.}p}MS{#)eG">
                        <field name="VAR">Expectativa de Lucro</field>
                      </block>
                    </value>
                  </block>
                </value>
                <statement name="DO0">
                  <block type="trade_again" id="WlL(Yr4%r-~ea4QwP#Nm"></block>
                </statement>
                <statement name="ELSE">
                  <block type="text_print" id="Flww-KT}T1+c~bF:^cMb">
                    <value name="TEXT">
                      <shadow type="text" id="kqlrIk.GO.^}hI,PoUV)">
                        <field name="TEXT">abc</field>
                      </shadow>
                      <block type="text_join" id="_3~!q2F=HY|q(Kdb^m9l">
                        <mutation items="2"></mutation>
                        <value name="ADD0">
                          <block type="text" id="Gg@4VoMw!c3UbQ[:@PB.">
                            <field name="TEXT">Concluido! Lucro Total : </field>
                          </block>
                        </value>
                        <value name="ADD1">
                          <block type="total_profit" id="O:MYUukPm?_m(w65eRd?"></block>
                        </value>
                      </block>
                    </value>
                  </block>
                </statement>
              </block>
            </next>
          </block>
        </next>
      </block>
    </statement>
  </block>
  <block type="before_purchase" id="strategy" x="-56" y="321">
    <statement name="BEFOREPURCHASE_STACK">
      <block type="purchase" id="ZVP}e)NE+mzs2cOebw5Y">
        <field name="PURCHASE_LIST">DIGITUNDER</field>
      </block>
    </statement>
  </block>
  <block type="during_purchase" id="4/HZDK).D8=^Cv4C^vT4" x="-58" y="448"></block>
  <block type="text" id="*4nG|qJ#DAA2zS*UHDct" disabled="true" x="-41" y="472">
    <field name="TEXT">DIGITUNDER - Lucro $10 - </field>
  </block>
  <block type="text" id="W6-RM-nLhmd{HYte7bqu" disabled="true" x="176" y="471">
    <field name="TEXT">Max Loss $80 - Aposta 0.35 - dobra 2.04x -</field>
  </block>
  <block type="text" id="e-7aaMMx7s?rkB,t1([W" disabled="true" x="503" y="470">
    <field name="TEXT"> Lucra 90% - PT</field>
  </block>
  <block type="text" id="X19Z~OoNv*_{e)%~~PXT" disabled="true" x="677" y="469">
    <field name="TEXT">Baixado em www.forexbrasil.host</field>
  </block>
</xml>